path,file_name,description,end_date,date_last_modified
80257B32004D7A4700256FD3005097ED,20040113 Cover letter_80257B32004D7A4700256FD3005097ED.doc,Morris Review: recommendations on national population projections; transfer of demographic work from GAD to ONS,2005-12-31T00:00:00,2020-05-13T17:58:22
80257B32004D7A4700256FD3005097ED,20050113 Agenda for Government client roundtable meeting_80257B32004D7A4700256FD3005097ED.doc,Morris Review: recommendations on national population projections; transfer of demographic work from GAD to ONS,2005-12-31T00:00:00,2020-05-13T17:58:22
80257B32004D7A4700256FD3005097ED,80257B32004D7A4700256FD3005097ED.pdf,Morris Review: recommendations on national population projections; transfer of demographic work from GAD to ONS,2005-12-31T00:00:00,2023-01-23T12:03:41
80257B32004D7A4700256FD3005097ED,8452 Morris Chap 9 5th_80257B32004D7A4700256FD3005097ED.pdf,Morris Review: recommendations on national population projections; transfer of demographic work from GAD to ONS,2005-12-31T00:00:00,2020-05-13T17:58:23
80257B32004D7A4780256D110037A737,80257B32004D7A4780256D110037A737.pdf,Population statistics: migration statistics methodology,2003-12-31T00:00:00,2023-01-20T14:39:35
80257B32004D7A4780256D110037A737,PCT migration template_80257B32004D7A4780256D110037A737.xls,Population statistics: migration statistics methodology,2003-12-31T00:00:00,2020-05-13T10:27:12
80257B32004D7A4780256E3E003E9338,207777_1_80257B32004D7A4780256E3E003E9338.doc,Population statistics: migration statistics methodology,2003-12-31T00:00:00,2020-05-13T11:10:12
80257B32004D7A4780256E3E003E9338,80257B32004D7A4780256E3E003E9338.pdf,Population statistics: migration statistics methodology,2003-12-31T00:00:00,2023-01-23T10:39:36
80257B32004D7A4780256EC3004B0D41,80257B32004D7A4780256EC3004B0D41.pdf,Population statistics: migration statistics methodology,2004-12-31T00:00:00,2023-01-19T16:42:00
80257B32004D7A4780256EC3004B20D2,80257B32004D7A4780256EC3004B20D2.pdf,Population statistics: migration statistics methodology,2004-12-31T00:00:00,2023-01-19T16:43:27
80257B32004D7A478025700A003DEEA7,80257B32004D7A478025700A003DEEA7.pdf,Morris Review: recommendations on national population projections; transfer of demographic work from GAD to ONS,2005-12-31T00:00:00,2023-01-19T16:50:39
80257B32004D7A478025700A0049B669,80257B32004D7A478025700A0049B669.pdf,Morris Review: recommendations on national population projections; transfer of demographic work from GAD to ONS,2005-12-31T00:00:00,2023-01-19T16:49:36
80257B32004D7A478025700A0049EBBE,80257B32004D7A478025700A0049EBBE.pdf,Morris Review: recommendations on national population projections; transfer of demographic work from GAD to ONS,2005-12-31T00:00:00,2023-01-23T11:33:23
80257B32004D7A478025700A0049EBBE,Morris Review - Chapter 9 GAD_80257B32004D7A478025700A0049EBBE.pdf,Morris Review: recommendations on national population projections; transfer of demographic work from GAD to ONS,2005-12-31T00:00:00,2020-05-13T19:01:55
80257B32004D7A478025700A0049EBBE,morris_govtresponse[1]_80257B32004D7A478025700A0049EBBE.pdf,Morris Review: recommendations on national population projections; transfer of demographic work from GAD to ONS,2005-12-31T00:00:00,2020-05-13T19:01:55
80257B32004D7A478025700A0049F898,80257B32004D7A478025700A0049F898.pdf,Morris Review: recommendations on national population projections; transfer of demographic work from GAD to ONS,2005-12-31T00:00:00,2023-01-19T16:46:32
80257B32004D7A478025700A0049FB03,80257B32004D7A478025700A0049FB03.pdf,Morris Review: recommendations on national population projections; transfer of demographic work from GAD to ONS,2005-12-31T00:00:00,2023-01-19T16:47:33
80257B32004D7A478025700A004C50B5,80257B32004D7A478025700A004C50B5.pdf,Morris Review: recommendations on national population projections; transfer of demographic work from GAD to ONS,2005-12-31T00:00:00,2023-01-23T11:31:13
80257B32004D7A478025700A004C50B5,Morris Review - Chapter 9 GAD_80257B32004D7A478025700A004C50B5.pdf,Morris Review: recommendations on national population projections; transfer of demographic work from GAD to ONS,2005-12-31T00:00:00,2020-05-13T18:59:57
80257B32004D7A478025700A004C50B5,morris_govtresponse[1]_80257B32004D7A478025700A004C50B5.pdf,Morris Review: recommendations on national population projections; transfer of demographic work from GAD to ONS,2005-12-31T00:00:00,2020-05-13T18:59:57
80257B32004D7A478025700A004C563D,80257B32004D7A478025700A004C563D.pdf,Population statistics: Counting In and Out (COI) Steering Group minutes and papers,2010-12-31T00:00:00,2023-07-14T10:57:45
80257B32004D7A478025700A004C563D,Morris Review - Chapter 9 GAD_80257B32004D7A478025700A004C563D.pdf,Morris Review: recommendations on national population projections; transfer of demographic work from GAD to ONS,2005-12-31T00:00:00,2020-05-13T18:59:46
80257B32004D7A478025700A004C563D,morris_govtresponse[1]_80257B32004D7A478025700A004C563D.pdf,Morris Review: recommendations on national population projections; transfer of demographic work from GAD to ONS,2005-12-31T00:00:00,2020-05-13T18:59:46
80257B32004D7A478025700A004C5994,80257B32004D7A478025700A004C5994.pdf,Morris Review: recommendations on national population projections; transfer of demographic work from GAD to ONS,2005-12-31T00:00:00,2023-01-23T12:01:10
80257B32004D7A478025700A004C5994,Morris Review - Chapter 9 GAD_80257B32004D7A478025700A004C5994.pdf,Morris Review: recommendations on national population projections; transfer of demographic work from GAD to ONS,2005-12-31T00:00:00,2020-05-13T18:59:51
80257B32004D7A478025700A004C5994,morris_govtresponse[1]_80257B32004D7A478025700A004C5994.pdf,Morris Review: recommendations on national population projections; transfer of demographic work from GAD to ONS,2005-12-31T00:00:00,2020-05-13T18:59:52
80257B32004D7A478025700A004C5994,NPPagreefinal-two_80257B32004D7A478025700A004C5994.doc,Morris Review: recommendations on national population projections; transfer of demographic work from GAD to ONS,2005-12-31T00:00:00,2020-05-13T18:59:52
80257B32004D7A478025700A004C8115,80257B32004D7A478025700A004C8115.pdf,Morris Review: recommendations on national population projections; transfer of demographic work from GAD to ONS,2005-12-31T00:00:00,2023-01-19T16:51:44
80257B32004D7A47802570BC00534593,80257B32004D7A47802570BC00534593.pdf,Morris Review: recommendations on national population projections; transfer of demographic work from GAD to ONS,2005-12-31T00:00:00,2023-01-23T12:02:32
80257B32004D7A47802570BC00534593,Morris Review - Chapter 9 GAD_80257B32004D7A47802570BC00534593.pdf,Morris Review: recommendations on national population projections; transfer of demographic work from GAD to ONS,2005-12-31T00:00:00,2020-05-13T19:00:14
80257B32004D7A47802570BC00534593,morris_govtresponse[1]_80257B32004D7A47802570BC00534593.pdf,Morris Review: recommendations on national population projections; transfer of demographic work from GAD to ONS,2005-12-31T00:00:00,2020-05-13T19:00:14
80257B32004D7A47802570BC00534593,NPPagreefinal-two_80257B32004D7A47802570BC00534593.doc,Morris Review: recommendations on national population projections; transfer of demographic work from GAD to ONS,2005-12-31T00:00:00,2020-05-13T19:00:14
80257B32004D7A47802570BC0053D4E9,80257B32004D7A47802570BC0053D4E9.pdf,Morris Review: recommendations on national population projections; transfer of demographic work from GAD to ONS,2005-12-31T00:00:00,2023-01-23T11:31:59
80257B32004D7A47802570BC0053D4E9,Morris Review - Chapter 9 GAD_80257B32004D7A47802570BC0053D4E9.pdf,Morris Review: recommendations on national population projections; transfer of demographic work from GAD to ONS,2005-12-31T00:00:00,2020-05-13T19:00:03
80257B32004D7A47802570BC0053D4E9,morris_govtresponse[1]_80257B32004D7A47802570BC0053D4E9.pdf,Morris Review: recommendations on national population projections; transfer of demographic work from GAD to ONS,2005-12-31T00:00:00,2020-05-13T19:00:03
80257B32004D7A47802570BC0056388E,80257B32004D7A47802570BC0056388E.pdf,Morris Review: recommendations on national population projections; transfer of demographic work from GAD to ONS,2005-12-31T00:00:00,2023-01-19T16:48:41
80257B32004D7A47802570F8005BC315,80257B32004D7A47802570F8005BC315.pdf,Morris Review: recommendations on national population projections; transfer of demographic work from GAD to ONS,2005-12-31T00:00:00,2023-01-23T11:10:08
80257B32004D7A47802570F8005BC315,GAD_80257B32004D7A47802570F8005BC315.pdf,Morris Review: recommendations on national population projections; transfer of demographic work from GAD to ONS,2005-12-31T00:00:00,2020-05-13T22:50:26
80257B32004D7A47802570F8005BE73A,80257B32004D7A47802570F8005BE73A.pdf,Morris Review: recommendations on national population projections; transfer of demographic work from GAD to ONS,2005-12-31T00:00:00,2023-01-23T11:05:02
80257B32004D7A47802570F8005BE73A,"CDD to Jil Matheson, 9 Sept 05_80257B32004D7A47802570F8005BE73A.pdf",Morris Review: recommendations on national population projections; transfer of demographic work from GAD to ONS,2005-12-31T00:00:00,2020-05-13T22:53:13
80257B32004D7A47802570FB0056A862,80257B32004D7A47802570FB0056A862.pdf,Morris Review: recommendations on national population projections; transfer of demographic work from GAD to ONS,2005-12-31T00:00:00,2023-01-19T16:53:21
80257B32004D7A478025711400570904,80257B32004D7A478025711400570904.pdf,Morris Review: recommendations on national population projections; transfer of demographic work from GAD to ONS,2005-12-31T00:00:00,2023-01-23T11:11:37
80257B32004D7A478025711400570904,GAD PN_80257B32004D7A478025711400570904.doc,Morris Review: recommendations on national population projections; transfer of demographic work from GAD to ONS,2005-12-31T00:00:00,2020-05-13T23:22:29
80257B32004D7A478025711600517882,80257B32004D7A478025711600517882.pdf,Morris Review: recommendations on national population projections; transfer of demographic work from GAD to ONS,2005-12-31T00:00:00,2023-01-23T11:12:30
80257B32004D7A478025711600517882,PROJECT BOARD MEETING_ 23 NOVEM_80257B32004D7A478025711600517882.pdf,Morris Review: recommendations on national population projections; transfer of demographic work from GAD to ONS,2005-12-31T00:00:00,2020-05-14T00:08:04
80257B32004D7A478025714000444357,80257B32004D7A478025714000444357.pdf,Population statistics: calculations methodology based on 2001 Census data: small area population estimates (SAPE),2006-12-31T00:00:00,2023-01-20T14:26:28
80257B32004D7A47802571450048C1FD,80257B32004D7A47802571450048C1FD.pdf,Population statistics: calculations methodology based on 2001 Census data: small area population estimates (SAPE),2006-12-31T00:00:00,2023-01-20T14:27:47
80257B32004D7A4780257178003897C7,80257B32004D7A4780257178003897C7.pdf,Population statistics: same sex couples data; amendments to primary legislation and data sharing ,2006-12-31T00:00:00,2023-01-19T16:44:40
80257B32004D7A478025718B0042452E,80257B32004D7A478025718B0042452E.pdf,Population statistics: calculations methodology based on 2001 Census data: marital status,2006-12-31T00:00:00,2023-01-23T11:24:03
80257B32004D7A478025718B0042452E,C0057Nat-MS by Age and country of birth_80257B32004D7A478025718B0042452E.xls,Population statistics: calculations methodology based on 2001 Census data: marital status,2006-12-31T00:00:00,2020-05-14T06:57:54
80257B32004D7A478025718C003EB3C5,80257B32004D7A478025718C003EB3C5.pdf,Population statistics: migration distribution and subnational population projection data,2006-12-31T00:00:00,2023-01-20T14:10:17
80257B32004D7A47802571A70043FCB9,80257B32004D7A47802571A70043FCB9.pdf,Population statistics: calculations methodology based on 2001 Census data: small area population estimates (SAPE),2006-12-31T00:00:00,2023-01-19T17:26:30
80257B32004D7A47802571AF003454CA,80257B32004D7A47802571AF003454CA.pdf,Migration Statistics TaskForce: migration statistics and methodology,2006-12-31T00:00:00,2023-01-23T11:25:25
80257B32004D7A47802571AF003454CA,TASK FORCE - DRAFT TOR_80257B32004D7A47802571AF003454CA.doc,Migration Statistics TaskForce: migration statistics and methodology,2006-12-31T00:00:00,2020-05-14T06:48:51
80257B32004D7A47802571AF003454CA,Task force 26.05.06_80257B32004D7A47802571AF003454CA.pdf,Migration Statistics TaskForce: migration statistics and methodology,2006-12-31T00:00:00,2020-05-14T06:48:51
80257B32004D7A47802571B60059F7EF,80257B32004D7A47802571B60059F7EF.pdf,Migration Statistics TaskForce: migration statistics and methodology,2006-12-31T00:00:00,2023-01-23T10:41:11
80257B32004D7A47802571B60059F7EF,Migration Task Force Background paper_80257B32004D7A47802571B60059F7EF.doc,Migration Statistics TaskForce: migration statistics and methodology,2006-12-31T00:00:00,2020-05-14T06:49:00
80257B32004D7A478025723700466FC0,80257B32004D7A478025723700466FC0.pdf,Migration Statistics TaskForce: migration statistics and methodology,2006-12-31T00:00:00,2023-01-19T16:45:37
80257B32004D7A47802573E50042385D,80257B32004D7A47802573E50042385D.pdf,Population statistics: calculations methodology based on 2001 Census data: short-term migrants,2008-12-31T00:00:00,2023-01-20T14:38:03
80257B32004D7A47802573EC004A39F2,80257B32004D7A47802573EC004A39F2.pdf,Population statistics: calculations methodology based on 2001 Census data: short-term migrants,2008-12-31T00:00:00,2023-01-23T11:23:15
80257B32004D7A47802573EE003CA971,080207 Let Gus pop proj_80257B32004D7A47802573EE003CA971.doc,Population statistics: national population projections: ageing,2008-12-31T00:00:00,2020-05-14T16:16:39
80257B32004D7A47802573EE003CA971,2006-proj presentation HMT_80257B32004D7A47802573EE003CA971.ppt,Population statistics: national population projections: ageing,2008-12-31T00:00:00,2020-05-14T16:16:39
80257B32004D7A47802573EE003CA971,80257B32004D7A47802573EE003CA971.pdf,Population statistics: national population projections: ageing,2008-12-31T00:00:00,2023-01-23T11:45:27
80257B32004D7A47802574AB00384D4B,80257B32004D7A47802574AB00384D4B.pdf,Population statistics: calculations methodology based on 2001 Census data: short-term migrants,2009-12-31T00:00:00,2023-01-20T14:24:40
80257B32004D7A47802574D30031D448,80257B32004D7A47802574D30031D448.pdf,Population statistics: migration distribution and national population projection data,2007-12-31T00:00:00,2023-01-20T14:11:53
80257B32004D7A47802574D6004C65B1,80257B32004D7A47802574D6004C65B1.pdf,Population statistics: calculations methodology based on 2001 Census data: migration distribution statistics,2008-12-31T00:00:00,2023-01-20T14:37:17
80257B32004D7A47802574EB003C6B59,80257B32004D7A47802574EB003C6B59.pdf,Population statistics: national population projections: fertility assumptions,2007-12-31T00:00:00,2023-01-20T14:20:14
80257B32004D7A47802574EB003EC5D2,80257B32004D7A47802574EB003EC5D2.pdf,Population statistics: national population projections: fertility assumptions,2007-12-31T00:00:00,2023-01-20T14:13:12
80257B32004D7A47802574F8005D8A4F,80257B32004D7A47802574F8005D8A4F.pdf,Population Statistics Development Board; population and migration statistics,2007-12-31T00:00:00,2023-01-23T12:05:48
80257B32004D7A47802574F8005D8A4F,CfH letter to DH re data quality_80257B32004D7A47802574F8005D8A4F.doc,Population Statistics Development Board; population and migration statistics,2007-12-31T00:00:00,2020-05-15T02:39:15
80257B32004D7A47802574F8005D8A4F,IC - CfH reply to DH re data quality_80257B32004D7A47802574F8005D8A4F.doc,Population Statistics Development Board; population and migration statistics,2007-12-31T00:00:00,2020-05-15T02:39:15
80257B32004D7A47802574F8005D8A4F,TStraughan031108_80257B32004D7A47802574F8005D8A4F.doc,Population Statistics Development Board; population and migration statistics,2007-12-31T00:00:00,2020-05-15T02:39:15
80257B32004D7A4780257504003B5F2B,80257B32004D7A4780257504003B5F2B.pdf,Population statistics: national population projections: births,2008-12-31T00:00:00,2023-01-20T14:22:59
80257B32004D7A4780257535002EDA3C,80257B32004D7A4780257535002EDA3C.pdf,Population statistics: national population projections,2009-12-31T00:00:00,2023-01-20T14:23:48
80257B32004D7A4780257577005E7256,80257B32004D7A4780257577005E7256.pdf,Population statistics: Counting In and Out (COI) Steering Group minutes and papers,2009-12-31T00:00:00,2023-01-23T11:26:33
80257B32004D7A4780257577005E7256,CI-O 13 March - Agenda_80257B32004D7A4780257577005E7256.doc,Population statistics: Counting In and Out (COI) Steering Group minutes and papers,2009-12-31T00:00:00,2020-05-15T07:16:04
80257B32004D7A4780257577005E7256,CI-O0901_80257B32004D7A4780257577005E7256.doc,Population statistics: Counting In and Out (COI) Steering Group minutes and papers,2009-12-31T00:00:00,2020-05-15T07:16:04
80257B32004D7A47802575FD005D191C,80257B32004D7A47802575FD005D191C.pdf,Population Statistics Development Board; population and migration statistics,2009-12-31T00:00:00,2023-01-23T11:35:17
80257B32004D7A47802575FD005D191C,"Flag 4s by LA, 2001-7 - NEW METADATA_80257B32004D7A47802575FD005D191C.xls",Population Statistics Development Board; population and migration statistics,2009-12-31T00:00:00,2020-05-15T16:36:53
80257B32004D7A47802575FD005D191C,What are Flag 4's_80257B32004D7A47802575FD005D191C.doc,Population Statistics Development Board; population and migration statistics,2009-12-31T00:00:00,2020-05-15T16:36:52
80257B32004D7A4780257690002FD552,80257B32004D7A4780257690002FD552.pdf,Population Statistics Development Board: Terms of Reference (TOR),2009-12-31T00:00:00,2023-01-23T11:36:13
80257B32004D7A4780257690002FD552,ATTQ5JC0_80257B32004D7A4780257690002FD552,Population Statistics Development Board: Terms of Reference (TOR),2009-12-31T00:00:00,2020-05-15T21:39:28
80257B32004D7A4780257690002FD552,MSIPB Governance V0.8_80257B32004D7A4780257690002FD552.pdf,Population Statistics Development Board: Terms of Reference (TOR),2009-12-31T00:00:00,2020-05-15T21:39:28
80257B32004D7A47802576B2004227DC,80257B32004D7A47802576B2004227DC.pdf,Population Statistics Development Board; population and migration statistics,2010-12-31T00:00:00,2023-01-19T17:27:35
80257B32004D7A47802576CB0036089B,80257B32004D7A47802576CB0036089B.pdf,Population statistics: Counting In and Out (COI) Steering Group minutes and papers,2009-12-31T00:00:00,2023-01-23T11:55:56
80257B32004D7A47802576CB0036089B,CIONov0901 - Agenda_80257B32004D7A47802576CB0036089B.doc,Population statistics: Counting In and Out (COI) Steering Group minutes and papers,2009-12-31T00:00:00,2020-05-15T20:36:01
80257B32004D7A47802576CB0036089B,CIONov0902 - Minutes of CIO on 5 October 2009 SS_80257B32004D7A47802576CB0036089B.doc,Population statistics: Counting In and Out (COI) Steering Group minutes and papers,2009-12-31T00:00:00,2020-05-15T20:36:01
80257B32004D7A47802576CB0036089B,CIONov0903 - Actions from 5 October meeting_80257B32004D7A47802576CB0036089B.doc,Population statistics: Counting In and Out (COI) Steering Group minutes and papers,2009-12-31T00:00:00,2020-05-15T20:36:01
80257B32004D7A47802576CB0036089B,CIONov0904 - MI data quality paper from PCU - 2009-11-09_80257B32004D7A47802576CB0036089B.doc,Population statistics: Counting In and Out (COI) Steering Group minutes and papers,2009-12-31T00:00:00,2020-05-15T20:36:01
80257B32004D7A47802576CB0036089B,CIONov0905 - Revised TOR - Membership_80257B32004D7A47802576CB0036089B.doc,Population statistics: Counting In and Out (COI) Steering Group minutes and papers,2009-12-31T00:00:00,2020-05-15T20:36:02
80257B32004D7A47802576CB0036089B,CIONov0906 - MI Reporting Requirements - Note of meeting on 2009-11-04_80257B32004D7A47802576CB0036089B.doc,Population statistics: Counting In and Out (COI) Steering Group minutes and papers,2009-12-31T00:00:00,2020-05-15T20:36:02
80257B32004D7A47802576D600495F16,80257B32004D7A47802576D600495F16.pdf,Population statistics: Counting In and Out (COI) Steering Group minutes and papers,2010-12-31T00:00:00,2023-01-23T11:59:17
80257B32004D7A47802576D600495F16,CIOMar1001 - Agenda_80257B32004D7A47802576D600495F16.doc,Population statistics: Counting In and Out (COI) Steering Group minutes and papers,2010-12-31T00:00:00,2020-05-16T01:17:31
80257B32004D7A47802576D600495F16,CIOMar1002 - Minutes of CIO on 26 November 2009 SS_80257B32004D7A47802576D600495F16.doc,Population statistics: Counting In and Out (COI) Steering Group minutes and papers,2010-12-31T00:00:00,2020-05-16T01:17:31
80257B32004D7A47802576D600495F16,CIOMar1003 - Actions from 26 November meeting_80257B32004D7A47802576D600495F16.doc,Population statistics: Counting In and Out (COI) Steering Group minutes and papers,2010-12-31T00:00:00,2020-05-16T01:17:31
80257B32004D7A47802576D600495F16,CIOMar1004 - Minutes of MSIPB on 4 December- Restricted v3_80257B32004D7A47802576D600495F16.doc,Population statistics: Counting In and Out (COI) Steering Group minutes and papers,2010-12-31T00:00:00,2020-05-16T01:17:31
80257B32004D7A47802576D600495F16,CIOMar1006 - Landing cards strategy in the run up to e-Borders AB v.1.1_80257B32004D7A47802576D600495F16.doc,Population statistics: Counting In and Out (COI) Steering Group minutes and papers,2010-12-31T00:00:00,2020-05-16T01:17:32
80257B32004D7A47802576DB003F34D0,80257B32004D7A47802576DB003F34D0.pdf,Population statistics: Population Theme,2010-12-31T00:00:00,2023-01-23T10:51:55
80257B32004D7A47802576DB003F34D0,Population Outputs Strategy PSDB version_80257B32004D7A47802576DB003F34D0.doc,Population statistics: Population Theme,2010-12-31T00:00:00,2020-05-16T01:42:24
80257B32004D7A47802576F1004205CE,80257B32004D7A47802576F1004205CE.pdf,Population statistics: Population Theme,2010-12-31T00:00:00,2023-01-23T11:27:37
80257B32004D7A47802576F1004205CE,Population Theme Governance Diagram v0.2_80257B32004D7A47802576F1004205CE.pdf,Population statistics: Population Theme,2010-12-31T00:00:00,2020-05-16T03:14:31
80257B32004D7A47802576F1004205CE,Population Theme Governance Diagram v0.2_80257B32004D7A47802576F1004205CE.vsd,Population statistics: Population Theme,2010-12-31T00:00:00,2020-05-16T03:14:31
80257B32004D7A478025770E003A8346,80257B32004D7A478025770E003A8346.pdf,Population statistics: Counting In and Out (COI) Steering Group minutes and papers,2010-12-31T00:00:00,2023-01-23T10:56:37
80257B32004D7A478025770E003A8346,Minutes of CIO on 2 March 2010_80257B32004D7A478025770E003A8346.doc,Population statistics: Counting In and Out (COI) Steering Group minutes and papers,2010-12-31T00:00:00,2020-05-16T02:15:00
80257B32004D7A4780257713003459FD,80257B32004D7A4780257713003459FD.pdf,Population statistics: Population Theme,2010-12-31T00:00:00,2023-01-23T10:43:20
80257B32004D7A4780257713003459FD,ATTAI7MY_80257B32004D7A4780257713003459FD.pdf,Population statistics: Population Theme,2010-12-31T00:00:00,2023-01-23T10:46:20
80257B32004D7A478025771F003B55BF,80257B32004D7A478025771F003B55BF.pdf,Population statistics: national population projections: marital status ,2010-12-31T00:00:00,2023-01-23T11:22:18
80257B32004D7A478025771F003B55BF,Response to Consultation Comments MSP2008_80257B32004D7A478025771F003B55BF.doc,Population statistics: national population projections: marital status ,2010-12-31T00:00:00,2020-05-16T12:35:29
80257B32004D7A478025773700381B3A,80257B32004D7A478025773700381B3A.pdf,Population statistics: Counting In and Out (COI) Steering Group minutes and papers,2010-12-31T00:00:00,2023-01-23T12:00:15
80257B32004D7A478025773700381B3A,CIOJune1001 - Agenda_80257B32004D7A478025773700381B3A.doc,Population statistics: Counting In and Out (COI) Steering Group minutes and papers,2010-12-31T00:00:00,2020-05-16T13:40:59
80257B32004D7A478025773700381B3A,CIOJune1002 - Minutes of CIO on 2 March 2010_80257B32004D7A478025773700381B3A.doc,Population statistics: Counting In and Out (COI) Steering Group minutes and papers,2010-12-31T00:00:00,2020-05-16T13:40:59
80257B32004D7A478025773700381B3A,CIOJune1003 - Actions from 2 March meeting_80257B32004D7A478025773700381B3A.doc,Population statistics: Counting In and Out (COI) Steering Group minutes and papers,2010-12-31T00:00:00,2020-05-16T13:40:59
80257B32004D7A478025773700381B3A,CIOJune1004 - Minutes of MSIPB on 26 March 2010_80257B32004D7A478025773700381B3A.doc,Population statistics: Counting In and Out (COI) Steering Group minutes and papers,2010-12-31T00:00:00,2020-05-16T13:40:59
80257B32004D7A478025773700381B3A,CIOJune1005 - Minutes of EEWG on 20 April 2010_80257B32004D7A478025773700381B3A.doc,Population statistics: Counting In and Out (COI) Steering Group minutes and papers,2010-12-31T00:00:00,2020-05-16T13:40:59
80257B32004D7A478025773700381B3A,CIOJune1006 - ONS Flow Diagram on e-Borders statistical benefits v2.01_80257B32004D7A478025773700381B3A.doc,Population statistics: Counting In and Out (COI) Steering Group minutes and papers,2010-12-31T00:00:00,2020-05-16T13:40:59
80257B32004D7A478025773700383FE4,80257B32004D7A478025773700383FE4.pdf,Population statistics: Counting In and Out (COI) Steering Group minutes and papers,2010-12-31T00:00:00,2023-01-23T11:03:30
80257B32004D7A478025773700383FE4,ONS paper for CIO Steering Group_80257B32004D7A478025773700383FE4.doc,Population statistics: Counting In and Out (COI) Steering Group minutes and papers,2010-12-31T00:00:00,2020-05-16T13:41:20
80257B32004D7A4780257742004D39DD,80257B32004D7A4780257742004D39DD.pdf,Population statistics: Counting In and Out (COI) Steering Group minutes and papers,2010-12-31T00:00:00,2023-01-23T11:29:24
80257B32004D7A4780257742004D39DD,Minutes of CIO on 2 March 2010.doc - v2_80257B32004D7A4780257742004D39DD.doc,Population statistics: Counting In and Out (COI) Steering Group minutes and papers,2010-12-31T00:00:00,2020-05-16T14:05:08
80257B32004D7A4780257742004D39DD,Minutes of CIO on 7 June 2010_80257B32004D7A4780257742004D39DD.doc,Population statistics: Counting In and Out (COI) Steering Group minutes and papers,2010-12-31T00:00:00,2020-05-16T14:05:08
80257B32004D7A47802577430044662B,80257B32004D7A47802577430044662B.pdf,Population statistics: Population Theme,2010-12-31T00:00:00,2023-01-23T11:28:30
80257B32004D7A47802577430044662B,Population Theme Governance Diagram v0.2_80257B32004D7A47802577430044662B.pdf,Population statistics: Population Theme,2010-12-31T00:00:00,2020-05-16T14:09:43
80257B32004D7A47802577430044662B,Population Theme Governance Diagram v0.2_80257B32004D7A47802577430044662B.vsd,Population statistics: Population Theme,2010-12-31T00:00:00,2020-05-16T14:09:43
80257B32004D7A4780257757003A118C,80257B32004D7A4780257757003A118C.pdf,Population Statistics Development Board; population and migration statistics,2010-12-31T00:00:00,2023-01-19T17:28:30
80257B32004D7A478025777C0036E35F,80257B32004D7A478025777C0036E35F.pdf,Population statistics: calculations methodology based on 2001 Census data: mortality statistics,2010-12-31T00:00:00,2023-01-20T14:33:35
80257B32004D7A478025777C004D5053,80257B32004D7A478025777C004D5053.pdf,Population statistics: national population projections: marital status ,2009-12-31T00:00:00,2023-01-20T14:02:45
80257B32004D7A478025777D0034B9E5,2008-based MS proj notes_80257B32004D7A478025777D0034B9E5.doc,Population statistics: national population projections: marital status ,2009-12-31T00:00:00,2020-05-15T20:08:26
80257B32004D7A478025777D0034B9E5,80257B32004D7A478025777D0034B9E5.pdf,Population statistics: national population projections: marital status ,2009-12-31T00:00:00,2023-01-23T11:21:16
80257B32004D7A478025777D00363D68,80257B32004D7A478025777D00363D68.pdf,Population statistics: overseas marriages,2010-12-31T00:00:00,2023-01-19T17:31:01
80257B32004D7A478025777D0037111B,80257B32004D7A478025777D0037111B.pdf,Population statistics: national population projections: marital status ,2010-12-31T00:00:00,2023-01-20T14:04:24
80257B32004D7A47802577B90039DC52,80257B32004D7A47802577B90039DC52.pdf,Population statistics: national population projections: marital status ,2011-12-31T00:00:00,2023-01-20T14:08:12
80257B32004D7A47802577BD00387D28,80257B32004D7A47802577BD00387D28.pdf,"Population, demographic and vital events statistics",2011-12-31T00:00:00,2023-01-19T16:54:36
80257B32004D7A47802577CF002B6340,10-11-01 - Neill - Cable - Improving ONS Population and Migration Statistics Working G_80257B32004D7A47802577CF002B6340.tif,Population and Migration Statistics Working Group; population and migration statistics,2010-12-31T00:00:00,2020-05-16T22:09:29
80257B32004D7A47802577CF002B6340,10-11-01 - Neill - Duncan Smith - Improving ONS Population and Migration Statistics Wo_80257B32004D7A47802577CF002B6340.tif,Population and Migration Statistics Working Group; population and migration statistics,2010-12-31T00:00:00,2020-05-16T22:09:28
80257B32004D7A47802577CF002B6340,10-11-01 - Neill - Gove - Improving ONS Population and Migration Statistics Working Gr_80257B32004D7A47802577CF002B6340.tif,Population and Migration Statistics Working Group; population and migration statistics,2010-12-31T00:00:00,2020-05-16T22:09:28
80257B32004D7A47802577CF002B6340,10-11-01 - Neill - Hague -  Improving ONS Population and Migration Statistics Working _80257B32004D7A47802577CF002B6340.tif,Population and Migration Statistics Working Group; population and migration statistics,2010-12-31T00:00:00,2020-05-16T22:09:28
80257B32004D7A47802577CF002B6340,10-11-01 - Neill - Lansley - Improve ONS Population and Migration Statistics Working G_80257B32004D7A47802577CF002B6340.tif,Population and Migration Statistics Working Group; population and migration statistics,2010-12-31T00:00:00,2020-05-16T22:09:28
80257B32004D7A47802577CF002B6340,10-11-01 - Neill - Maude - Improving ONS Population and Migration Statistics Working G_80257B32004D7A47802577CF002B6340.tif,Population and Migration Statistics Working Group; population and migration statistics,2010-12-31T00:00:00,2020-05-16T22:09:28
80257B32004D7A47802577CF002B6340,10-11-01 - Neill - Osborne - Improving ONS Population and Migration Statistics Working_80257B32004D7A47802577CF002B6340.tif,Population and Migration Statistics Working Group; population and migration statistics,2010-12-31T00:00:00,2020-05-16T22:09:28
80257B32004D7A47802577CF002B6340,10-11-01 - Neill - Spelman - Improving ONS Population and Migration Statistics Working_80257B32004D7A47802577CF002B6340.tif,Population and Migration Statistics Working Group; population and migration statistics,2010-12-31T00:00:00,2020-05-16T22:09:27
80257B32004D7A47802577CF002B6340,80257B32004D7A47802577CF002B6340.pdf,Population and Migration Statistics Working Group; population and migration statistics,2010-12-31T00:00:00,2023-01-23T12:07:16
80257B32004D7A47802578290067C79D,80257B32004D7A47802578290067C79D.pdf,Housing Market Statistics Steering Group; Owner Occupied Housing (OOH) Steering Group; National Statistician's review,2011-12-31T00:00:00,2023-01-23T11:54:58
80257B32004D7A47802578290067C79D,GSS HMSRSG 11 01_80257B32004D7A47802578290067C79D.pdf,Housing Market Statistics Steering Group; Owner Occupied Housing (OOH) Steering Group; National Statistician's review,2011-12-31T00:00:00,2020-05-17T05:32:37
80257B32004D7A47802578290067C79D,GSS HMSRSG 11 02_80257B32004D7A47802578290067C79D.pdf,Housing Market Statistics Steering Group; Owner Occupied Housing (OOH) Steering Group; National Statistician's review,2011-12-31T00:00:00,2020-05-17T05:32:38
80257B32004D7A47802578290067C79D,GSS HMSRSG Agenda 01-02-11_80257B32004D7A47802578290067C79D.pdf,Housing Market Statistics Steering Group; Owner Occupied Housing (OOH) Steering Group; National Statistician's review,2011-12-31T00:00:00,2020-05-17T05:32:37
80257B32004D7A47802578FD0031EE76,80257B32004D7A47802578FD0031EE76.pdf,Population Statistics Development Board; population and migration statistics,2008-12-31T00:00:00,2023-01-23T11:20:30
80257B32004D7A47802578FD0031EE76,Joint ESRC research_80257B32004D7A47802578FD0031EE76.doc,Population Statistics Development Board; population and migration statistics,2008-12-31T00:00:00,2020-05-14T18:39:23
80257B32004D7A47802578FD004FBD1D,80257B32004D7A47802578FD004FBD1D.pdf,Population Statistics Development Board; population and migration statistics; correspondence,2011-12-31T00:00:00,2023-01-19T17:29:39
80257B32004D7A4780257A9A0051AB0B,80257B32004D7A4780257A9A0051AB0B.pdf,Population statistics: same sex couples data; legal aspects of data sharing,2013-12-31T00:00:00,2023-01-19T17:00:34
80257B32004D7A4780257B03005F4638,80257B32004D7A4780257B03005F4638.pdf,Population statistics: Population Theme,2013-12-31T00:00:00,2023-01-23T11:34:16
80257B32004D7A4780257B03005F4638,Population Theme Report Template for IAC Feb 2013_80257B32004D7A4780257B03005F4638.docx,Population statistics: Population Theme,2013-12-31T00:00:00,2020-05-18T11:34:43
80257B32004D7A4780257B03005F4638,Population Theme Report_12 Month Template_Jan 2013_80257B32004D7A4780257B03005F4638.docx,Population statistics: Population Theme,2013-12-31T00:00:00,2020-05-18T11:34:43
80257B32004D7A4780257B0F00393AB6,80257B32004D7A4780257B0F00393AB6.pdf,Population statistics: Population Theme,2013-12-31T00:00:00,2023-01-19T16:55:56
80257B32004D7A4780257B27002F15A4,80257B32004D7A4780257B27002F15A4.pdf,Population statistics: Population Theme,2013-12-31T00:00:00,2023-01-19T16:57:44
80257B32004D7A4780257B43002FE09F,80257B32004D7A4780257B43002FE09F.pdf,Population statistics: same sex couples data; amendments to primary legislation and data sharing ,2013-12-31T00:00:00,2023-01-19T17:16:51
80257B32004D7A4780257B43002FE1F2,80257B32004D7A4780257B43002FE1F2.pdf,Population statistics: same sex couples data; amendments to primary legislation and data sharing ,2013-12-31T00:00:00,2023-01-19T17:20:37
80257B32004D7A4780257B43002FE27A,161112 Master table of provisions potentially requiring amendment_80257B32004D7A4780257B43002FE27A.xlsx,Population statistics: same sex couples data; amendments to primary legislation and data sharing ,2013-12-31T00:00:00,2020-05-18T13:17:35
80257B32004D7A4780257B43002FE27A,80257B32004D7A4780257B43002FE27A.pdf,Population statistics: same sex couples data; amendments to primary legislation and data sharing ,2013-12-31T00:00:00,2023-01-23T12:05:03
80257B32004D7A4780257B43002FE27A,Annex A marriage related ref word search_80257B32004D7A4780257B43002FE27A.docx,Population statistics: same sex couples data; amendments to primary legislation and data sharing ,2013-12-31T00:00:00,2020-05-18T13:17:35
80257B32004D7A4780257B43002FE27A,Extracts of UKSA owned legislation_80257B32004D7A4780257B43002FE27A.doc,Population statistics: same sex couples data; amendments to primary legislation and data sharing ,2013-12-31T00:00:00,2020-05-18T13:17:35
80257B32004D7A4780257B43002FE80E,80257B32004D7A4780257B43002FE80E.pdf,Population statistics: same sex couples data; amendments to primary legislation and data sharing ,2013-12-31T00:00:00,2023-01-23T11:19:20
80257B32004D7A4780257B43002FE80E,Annex C- UK Statistics Provisions_80257B32004D7A4780257B43002FE80E.xlsx,Population statistics: same sex couples data; amendments to primary legislation and data sharing ,2013-12-31T00:00:00,2020-05-18T13:18:44
80257B32004D7A4780257B430037E6BD,80257B32004D7A4780257B430037E6BD.pdf,Population statistics: same sex couples data; amendments to primary legislation and data sharing ,2013-12-31T00:00:00,2023-01-19T17:18:55
80257B32004D7A4780257B44003AC9C0,2049_001_80257B32004D7A4780257B44003AC9C0.pdf,Population statistics: national population projections: marital status ,2013-12-31T00:00:00,2020-05-18T13:24:55
80257B32004D7A4780257B44003AC9C0,80257B32004D7A4780257B44003AC9C0.pdf,Population statistics: national population projections: marital status ,2013-12-31T00:00:00,2023-01-23T11:44:27
80257B32004D7A4780257B44003AC9C0,Draft response to Minister equal marriage_80257B32004D7A4780257B44003AC9C0.docx,Population statistics: national population projections: marital status ,2013-12-31T00:00:00,2020-05-18T13:24:55
80257B32004D7A4780257B4B004EEA54,80257B32004D7A4780257B4B004EEA54.pdf,Population statistics: Population Theme,2013-12-31T00:00:00,2023-01-23T11:16:55
80257B32004D7A4780257B4B004EEA54,NSTGPop201201 Population Governance_80257B32004D7A4780257B4B004EEA54.docx,Population statistics: Population Theme,2013-12-31T00:00:00,2020-05-18T06:22:21
80257B32004D7A4780257B5E003B90AF,80257B32004D7A4780257B5E003B90AF.pdf,Population statistics: migration distribution and subnational population projection data,2013-12-31T00:00:00,2023-01-20T14:32:40
80257B32004D7A4780257B5E004A6567,80257B32004D7A4780257B5E004A6567.pdf,Population statistics: national population projections data,2013-12-31T00:00:00,2023-01-23T11:17:49
80257B32004D7A4780257B5E004A6567,PSD Seminar slides - Beyond 2011 Population Estimates Methodology_80257B32004D7A4780257B5E004A6567.pptx,Population statistics: national population projections data,2013-12-31T00:00:00,2020-05-18T14:36:24
80257B32004D7A4780257BAA00334386,80257B32004D7A4780257BAA00334386.pdf,Population statistics: national population projections: marital status ,2013-12-31T00:00:00,2023-01-20T14:09:16
80257B32004D7A4780257BCF00342DAC,80257B32004D7A4780257BCF00342DAC.pdf,Population statistics: national population projections data,2013-12-31T00:00:00,2023-01-19T16:59:03
80257B32004D7A4780257BCF0053AAF5,80257B32004D7A4780257BCF0053AAF5.pdf,Population statistics: same sex couples data; legal aspects of data sharing,2013-12-31T00:00:00,2023-01-19T17:01:33
80257B32004D7A4780257BEB00533B31,80257B32004D7A4780257BEB00533B31.pdf,Population statistics: same sex couples data; legal aspects of data sharing,2013-12-31T00:00:00,2023-01-19T17:09:02
80257B32004D7A4780257BEB00533B5F,80257B32004D7A4780257BEB00533B5F.pdf,Population statistics: same sex couples data; amendments to primary legislation and data sharing ,2013-12-31T00:00:00,2023-01-19T17:13:15
80257B32004D7A4780257BEB00536350,80257B32004D7A4780257BEB00536350.pdf,Population statistics: same sex couples data; amendments to primary legislation and data sharing ,2013-12-31T00:00:00,2023-01-19T17:14:27
80257B32004D7A4780257BF1004DAB74,80257B32004D7A4780257BF1004DAB74.pdf,Population statistics: NHS use of ONS mortality data: legal aspects,2013-12-31T00:00:00,2023-01-20T14:28:45
80257B32004D7A4780257BF1004DABFE,80257B32004D7A4780257BF1004DABFE.pdf,Population statistics: same sex couples data; amendments to primary legislation and data sharing ,2013-12-31T00:00:00,2023-01-19T17:15:47
80257B32004D7A4780257BF1004DAC2A,80257B32004D7A4780257BF1004DAC2A.pdf,Population statistics: NHS use of ONS mortality data: legal aspects,2013-12-31T00:00:00,2023-01-20T14:30:16
80257B32004D7A4780257BF6004100BC,80257B32004D7A4780257BF6004100BC.pdf,Population statistics: NHS use of ONS mortality data: legal aspects,2013-12-31T00:00:00,2023-01-20T14:31:38
Millennium%20cohort/Birth%20Cohort%20Scientifc%20Committee/Meeting%2010.09.07,BCS-SG-07-02 Agenda.doc.doc,Birth Cohort Studies Scientific Committee: longitudinal study: minutes and papers,2007-12-31T00:00:00,2007-09-05T20:59:55
Millennium%20cohort/Birth%20Cohort%20Scientifc%20Committee/Meeting%2010.09.07,BCS-SG-07-02 Item 2 Minutes 01-07.doc.doc,Birth Cohort Studies Scientific Committee: longitudinal study: minutes and papers,2007-12-31T00:00:00,2007-09-05T20:59:55
Millennium%20cohort/Birth%20Cohort%20Scientifc%20Committee/Meeting%2010.09.07,BCS-SG-07-02 Item 4.1. Progress Report on MCS Sept 2007.doc.doc,Birth Cohort Studies Scientific Committee: longitudinal study: minutes and papers,2007-12-31T00:00:00,2007-09-05T20:59:55
Millennium%20cohort/Birth%20Cohort%20Scientifc%20Committee/Meeting%2010.09.07,BCS-SG-07-02 Item 4.2. Progress Report on NCDS& BCS70.doc.doc,Birth Cohort Studies Scientific Committee: longitudinal study: minutes and papers,2007-12-31T00:00:00,2007-09-05T20:59:55
Millennium%20cohort/Birth%20Cohort%20Scientifc%20Committee/Meeting%2010.09.07,BCS-SG-07-02 Item 5 MCS Future Surveys.doc,Birth Cohort Studies Scientific Committee: longitudinal study: minutes and papers,2007-12-31T00:00:00,2007-09-05T20:59:55
Millennium%20cohort/Birth%20Cohort%20Scientifc%20Committee/Meeting%2010.09.07,BCS-SG-07-02 Item 6 MCS4 Development.doc,Birth Cohort Studies Scientific Committee: longitudinal study: minutes and papers,2007-12-31T00:00:00,2007-09-07T12:32:23
Millennium%20cohort/Birth%20Cohort%20Scientifc%20Committee/Meeting%2010.09.07,BCS-SG-07-02 Item 7.1. Assesing oral health inequalities in MCS proposal.doc,Birth Cohort Studies Scientific Committee: longitudinal study: minutes and papers,2007-12-31T00:00:00,2007-09-05T20:59:55
Millennium%20cohort/Birth%20Cohort%20Scientifc%20Committee/Meeting%2010.09.07,BCS-SG-07-02 Item 7.1. Supporting Letter Dep of Health.doc,Birth Cohort Studies Scientific Committee: longitudinal study: minutes and papers,2007-12-31T00:00:00,2007-09-05T20:59:55
Millennium%20cohort/Birth%20Cohort%20Scientifc%20Committee/Meeting%2010.09.07,BCS-SG-07-02 Item 7.2. Cover note.doc,Birth Cohort Studies Scientific Committee: longitudinal study: minutes and papers,2007-12-31T00:00:00,2007-09-05T20:59:55
Millennium%20cohort/Birth%20Cohort%20Scientifc%20Committee/Meeting%2010.09.07,BCS-SG-07-02 Item 7.2.Matching BCS70 to offender index data project Sept 2007.pdf,Birth Cohort Studies Scientific Committee: longitudinal study: minutes and papers,2007-12-31T00:00:00,2007-09-05T20:59:55
Millennium%20cohort/Birth%20Cohort%20Scientifc%20Committee/Meeting%2020.02.07,BCS-SG-07-01 Agenda.doc,Birth Cohort Studies Scientific Committee: longitudinal study: minutes and papers,2007-12-31T00:00:00,2007-02-15T15:34:01
Millennium%20cohort/Birth%20Cohort%20Scientifc%20Committee/Meeting%2020.02.07,BCS-SG-07-01 Item 4.1 Progress Report on MCS Feb 2007.doc,Birth Cohort Studies Scientific Committee: longitudinal study: minutes and papers,2007-12-31T00:00:00,2007-02-15T15:34:01
Millennium%20cohort/Birth%20Cohort%20Scientifc%20Committee/Meeting%2020.02.07,BCS-SG-07-01 Item 4.2 Progress Report on NCDS&BCS70.doc,Birth Cohort Studies Scientific Committee: longitudinal study: minutes and papers,2007-12-31T00:00:00,2007-02-15T15:34:01
Millennium%20cohort/Birth%20Cohort%20Scientifc%20Committee/Meeting%2020.02.07,BCS-SG-07-01 Item 5 Disclosure Risk.doc,Birth Cohort Studies Scientific Committee: longitudinal study: minutes and papers,2007-12-31T00:00:00,2007-02-15T15:34:01
Millennium%20cohort/Birth%20Cohort%20Scientifc%20Committee/Meeting%2020.02.07,BCS-SG-07-01 Item 6 MCS Future Surveys.doc,Birth Cohort Studies Scientific Committee: longitudinal study: minutes and papers,2007-12-31T00:00:00,2007-02-15T15:34:01
Millennium%20cohort/Birth%20Cohort%20Scientifc%20Committee/Meeting%2020.02.07,BCS-SG-07-01 Item 7 Timing of MCS Deposits.doc,Birth Cohort Studies Scientific Committee: longitudinal study: minutes and papers,2007-12-31T00:00:00,2007-02-15T15:34:01
Millennium%20cohort/Birth%20Cohort%20Scientifc%20Committee/Meeting%2020.02.07,BCS-SG-07-01 Item 8 MCS4 Development.doc,Birth Cohort Studies Scientific Committee: longitudinal study: minutes and papers,2007-12-31T00:00:00,2007-02-15T15:34:01
Millennium%20cohort/Birth%20Cohort%20Scientifc%20Committee/Meeting%2020.02.07,BCS-SG-07-01 Item 9 Substudy-MCS outline.doc,Birth Cohort Studies Scientific Committee: longitudinal study: minutes and papers,2007-12-31T00:00:00,2007-02-15T15:34:01
Millennium%20cohort/Birth%20Cohort%20Scientifc%20Committee/Meeting%2020.02.07,Minutes 02-06.doc,Birth Cohort Studies Scientific Committee: longitudinal study: minutes and papers,2007-12-31T00:00:00,2007-02-15T15:34:01
Millennium%20cohort/Birth%20Cohort%20Scientifc%20Committee/meeting%2027.09.06,Agenda 02-06 - 27 Sep 2006.doc,Birth Cohort Studies Scientific Committee: longitudinal study: minutes and papers,2007-12-31T00:00:00,2006-09-21T14:57:11
Millennium%20cohort/Birth%20Cohort%20Scientifc%20Committee/meeting%2027.09.06,Agenda Item 3a.doc,Birth Cohort Studies Scientific Committee: longitudinal study: minutes and papers,2007-12-31T00:00:00,2006-09-21T14:57:11
Millennium%20cohort/Birth%20Cohort%20Scientifc%20Committee/meeting%2027.09.06,Agenda Item 4b.doc,Birth Cohort Studies Scientific Committee: longitudinal study: minutes and papers,2007-12-31T00:00:00,2006-09-21T14:57:11
Millennium%20cohort/Birth%20Cohort%20Scientifc%20Committee/meeting%2027.09.06,Agenda Item 4c.doc,Birth Cohort Studies Scientific Committee: longitudinal study: minutes and papers,2007-12-31T00:00:00,2006-09-21T14:57:11
Millennium%20cohort/Birth%20Cohort%20Scientifc%20Committee/meeting%2027.09.06,Agenda Item 4d-tabled.doc,Birth Cohort Studies Scientific Committee: longitudinal study: minutes and papers,2007-12-31T00:00:00,2006-10-05T12:57:26
Millennium%20cohort/Birth%20Cohort%20Scientifc%20Committee/meeting%2027.09.06,Agenda Item 5.doc,Birth Cohort Studies Scientific Committee: longitudinal study: minutes and papers,2007-12-31T00:00:00,2006-09-21T14:57:11
Millennium%20cohort/Birth%20Cohort%20Scientifc%20Committee/meeting%2027.09.06,Agenda Item 6a.pdf,Birth Cohort Studies Scientific Committee: longitudinal study: minutes and papers,2007-12-31T00:00:00,2006-09-21T14:57:11
Millennium%20cohort/Birth%20Cohort%20Scientifc%20Committee/meeting%2027.09.06,Agenda Item 6b.pdf,Birth Cohort Studies Scientific Committee: longitudinal study: minutes and papers,2007-12-31T00:00:00,2006-09-21T14:57:11
Millennium%20cohort/Birth%20Cohort%20Scientifc%20Committee/meeting%2027.09.06,Agenda Item 6c.doc,Birth Cohort Studies Scientific Committee: longitudinal study: minutes and papers,2007-12-31T00:00:00,2006-09-21T14:57:11
Millennium%20cohort/Birth%20Cohort%20Scientifc%20Committee/meeting%2027.09.06,Agenda Item 8.doc,Birth Cohort Studies Scientific Committee: longitudinal study: minutes and papers,2007-12-31T00:00:00,2006-09-21T14:57:11
Millennium%20cohort/Birth%20Cohort%20Scientifc%20Committee/meeting%2027.09.06,BCS SC COMM 270906 Tabled papers.pdf,Birth Cohort Studies Scientific Committee: longitudinal study: minutes and papers,2007-12-31T00:00:00,2008-03-10T14:08:11
Millennium%20cohort/Birth%20Cohort%20Scientifc%20Committee/meeting%2027.09.06,Minutes 02-06.doc,Birth Cohort Studies Scientific Committee: longitudinal study: minutes and papers,2007-12-31T00:00:00,2006-10-05T12:57:26
Millennium%20cohort/Birth%20Cohort%20Scientifc%20Committee/Meeting%2028.09.05,01-05 Meeting Minutes 31-03-05.doc,Birth Cohort Studies Scientific Committee: longitudinal study: minutes and papers,2007-12-31T00:00:00,2005-09-28T00:48:50
Millennium%20cohort/Birth%20Cohort%20Scientifc%20Committee/Meeting%2028.09.05,AGENDA.doc,Birth Cohort Studies Scientific Committee: longitudinal study: minutes and papers,2007-12-31T00:00:00,2005-09-29T03:22:22
Millennium%20cohort/Birth%20Cohort%20Scientifc%20Committee/Meeting%2028.09.05,Paper 1 CLS Progress Report.doc,Birth Cohort Studies Scientific Committee: longitudinal study: minutes and papers,2007-12-31T00:00:00,2005-09-28T00:48:49
Millennium%20cohort/Birth%20Cohort%20Scientifc%20Committee/Meeting%2028.09.05,Paper 2 Appendix 1 Provisional estimates of response at MCS2.doc,Birth Cohort Studies Scientific Committee: longitudinal study: minutes and papers,2007-12-31T00:00:00,2005-09-28T00:48:49
Millennium%20cohort/Birth%20Cohort%20Scientifc%20Committee/Meeting%2028.09.05,Paper 2 Appendix 2 DataDepositMCS2.doc,Birth Cohort Studies Scientific Committee: longitudinal study: minutes and papers,2007-12-31T00:00:00,2005-09-28T00:48:49
Millennium%20cohort/Birth%20Cohort%20Scientifc%20Committee/Meeting%2028.09.05,Paper 2 Appendix 3 Post Pilot Cuts from Questionnaire-LC.doc,Birth Cohort Studies Scientific Committee: longitudinal study: minutes and papers,2007-12-31T00:00:00,2005-09-28T00:48:50
Millennium%20cohort/Birth%20Cohort%20Scientifc%20Committee/Meeting%2028.09.05,Paper 2 Appendix 4 Timetable for MCS3 .doc,Birth Cohort Studies Scientific Committee: longitudinal study: minutes and papers,2007-12-31T00:00:00,2005-09-28T00:48:50
Millennium%20cohort/Birth%20Cohort%20Scientifc%20Committee/Meeting%2028.09.05,Paper 2 Appendix 5 Tracing and Cohort Maintenance on MCS.doc,Birth Cohort Studies Scientific Committee: longitudinal study: minutes and papers,2007-12-31T00:00:00,2005-09-28T00:48:50
Millennium%20cohort/Birth%20Cohort%20Scientifc%20Committee/Meeting%2028.09.05,Paper 2 MCS Progress report.doc,Birth Cohort Studies Scientific Committee: longitudinal study: minutes and papers,2007-12-31T00:00:00,2005-09-28T00:48:50
Millennium%20cohort/Birth%20Cohort%20Scientifc%20Committee/Meeting%2028.09.05,Paper 3 Progress report on  NCDS forscientific committee - JE  PS.doc,Birth Cohort Studies Scientific Committee: longitudinal study: minutes and papers,2007-12-31T00:00:00,2005-09-28T00:48:50
Millennium%20cohort/Birth%20Cohort%20Scientifc%20Committee/Meeting%2028.09.05,Paper 4 Progress report on BCS70 for Scientific committee - PS  JE.doc,Birth Cohort Studies Scientific Committee: longitudinal study: minutes and papers,2007-12-31T00:00:00,2005-09-28T00:48:50
Millennium%20cohort/Birth%20Cohort%20Scientifc%20Committee/Meeting%2028.09.05,Paper 5 Tracing  attrition doc for scientific committee JE IP  PS (2).doc,Birth Cohort Studies Scientific Committee: longitudinal study: minutes and papers,2007-12-31T00:00:00,2005-09-28T00:48:50
Millennium%20cohort/Birth%20Cohort%20Scientifc%20Committee/Meeting%2028.09.05,Paper 6 Planning for NCDS and BCS70 2008 sweeps JE  PS (2).doc,Birth Cohort Studies Scientific Committee: longitudinal study: minutes and papers,2007-12-31T00:00:00,2005-09-28T00:48:50
Millennium%20cohort/Birth%20Cohort%20Scientifc%20Committee/Meeting%2028.09.05,Paper 7 Diana Birch Substdy - Teen preg research proposal.doc,Birth Cohort Studies Scientific Committee: longitudinal study: minutes and papers,2007-12-31T00:00:00,2005-09-28T00:48:49
Millennium%20cohort/Birth%20Cohort%20Scientifc%20Committee/Meeting%2031.03.05,01-05 Meeting Minutes 31-03-05.doc,Birth Cohort Studies Scientific Committee: longitudinal study: minutes and papers,2007-12-31T00:00:00,2005-05-20T11:21:00
Millennium%20cohort/Birth%20Cohort%20Scientifc%20Committee/Meeting%2031.03.05,MCS3 Priorities.doc,Birth Cohort Studies Scientific Committee: longitudinal study: minutes and papers,2007-12-31T00:00:00,2005-05-20T12:47:50
Millennium%20cohort/Birth%20Cohort%20Scientifc%20Committee/Meeting%2031.03.05,Points for Discussion from consultation on draft MCS3 Questionnaire.doc,Birth Cohort Studies Scientific Committee: longitudinal study: minutes and papers,2007-12-31T00:00:00,2005-05-20T12:47:50
Millennium%20cohort/Birth%20Cohort%20Steering%20Group/January%202006,Minutes of 4th BCS Steering Group 12_1_06_ONS comments.doc,Birth Cohort Steering Group: longitudinal study: minutes and papers,2007-12-31T00:00:00,2006-02-08T13:29:06
Millennium%20cohort/Birth%20Cohort%20Steering%20Group/January%202006,Reporting&analysis for BCS St Gp_ final_11-01-06.doc,Birth Cohort Steering Group: longitudinal study: minutes and papers,2007-12-31T00:00:00,2006-01-11T13:14:46
Millennium%20cohort/Birth%20Cohort%20Steering%20Group/January%202006,Reporting&analysis for BCS St Gp_AnxA_provl costings final-11-01-06.xls,Birth Cohort Steering Group: longitudinal study: minutes and papers,2007-12-31T00:00:00,2006-01-11T12:47:02
Millennium%20cohort/Birth%20Cohort%20Steering%20Group/November%202004,CLSSG 01_04 Agenda#2.doc,Birth Cohort Steering Group: longitudinal study: minutes and papers,2007-12-31T00:00:00,2004-11-23T08:36:59
Millennium%20cohort/Birth%20Cohort%20Steering%20Group/November%202004,CLSSG 02_04 Minutes of last meeting.doc,Birth Cohort Steering Group: longitudinal study: minutes and papers,2007-12-31T00:00:00,2004-11-23T08:36:59
Millennium%20cohort/Birth%20Cohort%20Steering%20Group/November%202004,CLSSG 03_04 Annex 1 governance arrangements.doc,Birth Cohort Steering Group: longitudinal study: minutes and papers,2007-12-31T00:00:00,2004-11-23T08:37:00
Millennium%20cohort/Birth%20Cohort%20Steering%20Group/November%202004,CLSSG 03_04 Annex 2 - Steering Committee Membership.doc,Birth Cohort Steering Group: longitudinal study: minutes and papers,2007-12-31T00:00:00,2004-11-23T08:37:00
Millennium%20cohort/Birth%20Cohort%20Steering%20Group/November%202004,CLSSG 03_04 Annex 3 - Scientific Committee Membership.doc,Birth Cohort Steering Group: longitudinal study: minutes and papers,2007-12-31T00:00:00,2004-11-23T08:37:00
Millennium%20cohort/Birth%20Cohort%20Steering%20Group/November%202004,CLSSG 03_04 Annex 5 - ToR Scientific Committee#2.doc,Birth Cohort Steering Group: longitudinal study: minutes and papers,2007-12-31T00:00:00,2004-11-25T13:37:38
Millennium%20cohort/Birth%20Cohort%20Steering%20Group/November%202004,CLSSG 03_04 Governance.doc,Birth Cohort Steering Group: longitudinal study: minutes and papers,2007-12-31T00:00:00,2004-11-23T08:37:00
Millennium%20cohort/Birth%20Cohort%20Steering%20Group/November%202004,CLSSG 04_04 Annex 1 Comms strat.doc,Birth Cohort Steering Group: longitudinal study: minutes and papers,2007-12-31T00:00:00,2004-11-23T08:37:00
Millennium%20cohort/Birth%20Cohort%20Steering%20Group/November%202004,CLSSG 04_04 Annex 2 user engagement.doc,Birth Cohort Steering Group: longitudinal study: minutes and papers,2007-12-31T00:00:00,2004-11-23T08:37:00
Millennium%20cohort/Birth%20Cohort%20Steering%20Group/November%202004,CLSSG 04_04 Communications strategy.doc,Birth Cohort Steering Group: longitudinal study: minutes and papers,2007-12-31T00:00:00,2004-11-23T08:37:00
Millennium%20cohort/Birth%20Cohort%20Steering%20Group/November%202004,CLSSG 05_04 Annual Report.pdf,Birth Cohort Steering Group: longitudinal study: minutes and papers,2007-12-31T00:00:00,2004-11-23T08:37:00
Millennium%20cohort/Birth%20Cohort%20Steering%20Group/November%202004,Summary of comments for ToRs for Birth Cohort Steering Group.doc,Birth Cohort Steering Group: longitudinal study: minutes and papers,2007-12-31T00:00:00,2004-11-22T17:21:48
Millennium%20cohort/Birth%20Cohort%20Steering%20Group/September%2007,-_circular_2006-26_assessment_arrangements_-reporting_to_gov-3.pdf,Birth Cohort Steering Group: longitudinal study: minutes and papers,2007-12-31T00:00:00,2007-10-31T14:44:15
Millennium%20cohort/Birth%20Cohort%20Steering%20Group/September%2007,BCSSG notes Sept 07.doc,Birth Cohort Steering Group: longitudinal study: minutes and papers,2007-12-31T00:00:00,2007-09-20T13:06:08
Millennium%20cohort/Birth%20Cohort%20Steering%20Group/September%2007,september BCSSG meeting papers.doc,Birth Cohort Steering Group: longitudinal study: minutes and papers,2007-12-31T00:00:00,2007-09-18T08:30:38
Millennium%20cohort/Birth%20Cohort%20Steering%20Group/September%202006,09_06 - BCS SG 01.doc,Birth Cohort Steering Group: longitudinal study: minutes and papers,2007-12-31T00:00:00,2006-09-27T14:02:31
Millennium%20cohort/Birth%20Cohort%20Steering%20Group/September%202006,09_06 - BCS SG 02.doc,Birth Cohort Steering Group: longitudinal study: minutes and papers,2007-12-31T00:00:00,2006-09-22T15:46:58
Millennium%20cohort/Birth%20Cohort%20Steering%20Group/September%202006,09_06 - BCS SG 03a.doc,Birth Cohort Steering Group: longitudinal study: minutes and papers,2007-12-31T00:00:00,2006-09-22T15:46:58
Millennium%20cohort/Birth%20Cohort%20Steering%20Group/September%202006,09_06 - BCS SG 03b.doc,Birth Cohort Steering Group: longitudinal study: minutes and papers,2007-12-31T00:00:00,2006-09-22T15:46:58
Millennium%20cohort/Birth%20Cohort%20Steering%20Group/September%202006,09_06 - BCS SG 04a.doc,Birth Cohort Steering Group: longitudinal study: minutes and papers,2007-12-31T00:00:00,2006-09-22T15:46:58
Millennium%20cohort/Birth%20Cohort%20Steering%20Group/September%202006,09_06 - BCS SG 04b.doc,Birth Cohort Steering Group: longitudinal study: minutes and papers,2007-12-31T00:00:00,2006-09-22T15:46:58
Millennium%20cohort/Birth%20Cohort%20Steering%20Group/September%202006,09_06 - BCS SG 04c.doc,Birth Cohort Steering Group: longitudinal study: minutes and papers,2007-12-31T00:00:00,2006-09-22T15:46:58
Millennium%20cohort/Birth%20Cohort%20Steering%20Group/September%202006,09_06 - BCS SG 05.doc,Birth Cohort Steering Group: longitudinal study: minutes and papers,2007-12-31T00:00:00,2006-09-22T15:46:58
Millennium%20cohort/Birth%20Cohort%20Steering%20Group/September%202006,09_06 - BCS SG 06.doc,Birth Cohort Steering Group: longitudinal study: minutes and papers,2007-12-31T00:00:00,2006-09-22T15:46:58
Millennium%20cohort/Birth%20Cohort%20Steering%20Group/September%202006,09_06 - BCS SG 08#2.doc,Birth Cohort Steering Group: longitudinal study: minutes and papers,2007-12-31T00:00:00,2006-09-27T14:02:31
Millennium%20cohort/Birth%20Cohort%20Steering%20Group/September%202006,BCS SG 270906 Tabled papers.pdf,Birth Cohort Steering Group: longitudinal study: minutes and papers,2007-12-31T00:00:00,2008-03-10T14:06:12
Millennium%20cohort/Birth%20Cohort%20Steering%20Group/September%202006,BCS SG 290906 Tabled papers.pdf,Birth Cohort Steering Group: longitudinal study: minutes and papers,2007-12-31T00:00:00,2008-03-10T14:04:55
Millennium%20cohort/Birth%20Cohort%20Steering%20Group,ToRs Birth Cohort Steering Groupv3.doc,Birth Cohort Steering Group: longitudinal study: minutes and papers,2007-12-31T00:00:00,2004-11-25T14:30:22
Millennium%20cohort/Birth%20Cohort%20Steering%20Group,TROIKA mins Sep06 Draft hj lp.doc,Birth Cohort Steering Group: longitudinal study: minutes and papers,2007-12-31T00:00:00,2006-10-09T10:54:05
